rank,world_id,avg_time,avg_nav_metric,avg_optimal_time,avg_path_length,success_rate,num_episodes,True_count,True_percentage,False_count,False_percentage
1,248,52.513200000000005,0.0875,5.636426386209761,16.258204775496417,0,10,7.0,70.0,3.0,30.0
2,299,52.2913,0.025,5.952750231692222,16.81449243756622,0,10,2.0,20.0,8.0,80.0
3,265,50.8315,0.053694563139087895,5.926448862893833,16.73590168086513,0,10,4.0,40.0,6.0,60.0
4,293,50.7569,0.0125,5.500748548945345,15.995344262798074,0,10,1.0,10.0,9.0,90.0
5,223,50.22850000000001,0.0751472797827668,5.639548527933547,16.26082506551267,0,10,6.0,60.0,4.0,40.0
6,128,50.0863,0.053424839941086336,6.259237221782,17.23370867005483,0,10,4.0,40.0,6.0,60.0
7,132,50.017,0.051307053583505756,7.057130194311261,18.9783818988392,0,10,3.0,30.0,7.0,70.0
8,97,50.0,0.0,6.2895053624315285,17.488002699044834,0,10,,,10.0,100.0
9,113,50.0,0.0,5.835858054317954,16.386950335126734,0,10,,,10.0,100.0
10,251,50.0,0.0,5.346329613368487,15.624676256907936,0,10,,,10.0,100.0
11,253,50.0,0.0,5.672092215461143,16.283188619486417,0,10,,,10.0,100.0
12,274,50.0,0.0,5.428944764818247,15.722011039853175,0,10,,,10.0,100.0
13,157,49.783100000000005,0.02672029436323135,5.3550784513056655,15.667977720026675,0,10,2.0,20.0,8.0,80.0
14,231,49.4209,0.014219460921628041,6.286281478842541,17.545873751935776,0,10,1.0,10.0,9.0,90.0
15,266,49.124700000000004,0.026411765780391026,5.91110928008815,16.53745278666713,0,10,2.0,20.0,8.0,80.0
16,255,48.9531,0.0144415196737847,5.70887714224383,16.27198837119773,0,10,1.0,10.0,9.0,90.0
17,291,48.801,0.01517958480450412,5.769760184192016,16.53702524278781,0,10,1.0,10.0,9.0,90.0
18,201,48.748400000000004,0.10211526095563453,6.368573054619567,17.49031875616802,0,10,7.0,70.0,3.0,30.0
19,278,48.438599999999994,0.04267451990053508,5.556162075932194,16.094052161509957,0,10,3.0,30.0,7.0,70.0
20,294,48.3597,0.044776767347543954,5.762581332109306,16.52266753862239,0,10,3.0,30.0,7.0,70.0
21,46,47.9419,0.01913529834453408,5.629413419978479,16.257553223101887,0,10,1.0,10.0,9.0,90.0
22,181,47.68230000000001,0.05741351209215499,5.936426386209761,16.858204775496425,0,10,4.0,40.0,6.0,60.0
23,207,47.621900000000004,0.059382195117686984,6.263917396737456,17.382068880184985,0,10,4.0,40.0,6.0,60.0
24,179,47.599,0.08652083508353038,5.907991044267092,16.732986888565687,0,10,4.0,40.0,6.0,60.0
25,186,47.5713,0.04192731557397896,5.838624133206112,16.671095431319607,0,10,3.0,30.0,7.0,70.0
26,92,47.50610000000001,0.06699103947723906,5.926431390060375,16.852811811673227,0,10,4.0,40.0,6.0,60.0
27,4,47.4174,0.02235479353298908,5.404047788664782,15.781406371580257,0,10,1.0,10.0,9.0,90.0
28,215,47.4096,0.12666842929279548,6.13935249429872,17.2107220187684,0,10,9.0,90.0,1.0,10.0
29,279,47.3601,0.03092639596376901,5.6653019795795405,16.282515505618356,0,10,2.0,20.0,8.0,80.0
30,203,47.133900000000004,0.09487610116632687,6.579250352879809,18.050485610566167,0,10,6.0,60.0,4.0,40.0
31,261,47.13259999999999,0.02491805170924926,5.314023707514477,15.596572533238174,0,10,1.0,10.0,9.0,90.0
32,165,46.7019,0.03710606401375889,6.216810103940253,17.222739568887075,0,10,2.0,20.0,8.0,80.0
33,286,46.671200000000006,0.03362605027176515,5.619585521417408,16.171188073005773,0,10,1.0,10.0,9.0,90.0
34,258,46.626900000000006,0.09353871201490362,6.133502037130083,17.15000802933763,0,10,6.0,60.0,4.0,40.0
35,104,46.563100000000006,0.08317050918143146,6.893722331071804,18.769172671789182,0,10,5.0,50.0,5.0,50.0
36,102,46.4638,0.10130326468733972,5.819467025877295,16.62066206140016,0,10,7.0,70.0,3.0,30.0
37,153,46.001999999999995,0.04867729805612485,5.505248752732308,15.902482410271167,0,10,3.0,30.0,7.0,70.0
38,116,45.5952,0.05988412285829362,5.886684033933141,16.526540714795168,0,10,3.0,30.0,7.0,70.0
39,270,45.422200000000004,0.09045446675666016,5.561306814486313,16.031605603154397,0,10,6.0,60.0,4.0,40.0
40,190,44.8693,0.08291954226843024,5.847085202213513,16.586155309233572,0,10,5.0,50.0,5.0,50.0
41,213,44.824,0.06147092319066848,5.669146453188466,16.161166305582015,0,10,4.0,40.0,6.0,60.0
42,259,44.66550000000001,0.06354497956553604,5.898121650185027,16.585362661376628,0,10,3.0,30.0,7.0,70.0
43,298,44.169700000000006,0.053175701464876046,5.53217364221601,15.99636431460298,0,10,2.0,20.0,8.0,80.0
44,262,44.0784,0.07134252279853052,5.467597946416908,15.724315253840388,0,10,4.0,40.0,6.0,60.0
45,163,43.84420000000001,0.10569016040207205,6.301162217491582,17.59982930938694,0,10,6.0,60.0,4.0,40.0
46,214,43.443200000000004,0.08441715200232017,5.615108361701333,16.18212826986194,0,10,5.0,50.0,5.0,50.0
47,154,43.285399999999996,0.09838286165141205,5.422950348567907,15.797812243595084,0,10,6.0,60.0,4.0,40.0
48,228,43.1893,0.10466957674694936,5.630272500377487,16.25195935210891,0,10,7.0,70.0,3.0,30.0
49,180,42.8568,0.0751437138351474,6.504795597314259,18.009540226180995,0,10,3.0,30.0,7.0,70.0
50,20,42.8345,0.1296347138788741,6.390605917290119,17.496446061071076,0,10,6.0,60.0,4.0,40.0
51,192,42.7149,0.11602123773446986,5.373257727385067,15.745241837915055,0,10,7.0,70.0,3.0,30.0
52,243,42.505199999999995,0.11131602600639079,5.800809490712746,16.484622936502955,0,10,7.0,70.0,3.0,30.0
53,257,42.4674,0.146803183907769,5.643430936476202,16.075981233958977,0,10,9.0,90.0,1.0,10.0
54,30,42.3748,0.16969629973303763,5.850506882802741,16.669538883814703,0,10,10.0,100.0,,
55,108,42.14079999999999,0.11003611167134335,5.343842566833177,15.679099485020293,0,10,6.0,60.0,4.0,40.0
56,263,42.14079999999999,0.12388405276371164,6.344581727061234,17.657688572331686,0,10,7.0,70.0,3.0,30.0
57,250,41.4455,0.11926102996365044,5.6146513864691086,16.168306961502346,0,10,6.0,60.0,4.0,40.0
58,226,41.438399999999994,0.12075502502189375,5.327629435883347,15.594263060330823,0,10,6.0,60.0,4.0,40.0
59,81,41.41700000000001,0.1438683124174797,5.56887755853364,16.137704148619754,0,10,9.0,90.0,1.0,10.0
60,164,40.9694,0.1520815033062916,5.7954269536820515,16.445087994074175,0,10,9.0,90.0,1.0,10.0
61,196,40.54950000000001,0.10741627726956089,5.9162922466223025,16.790405310659946,0,10,6.0,60.0,4.0,40.0
62,273,40.5186,0.09982445569157677,5.670107036493713,16.331628424341368,0,10,5.0,50.0,5.0,50.0
63,93,40.3832,0.10679111494483398,6.295621811075344,17.474247577228148,0,10,5.0,50.0,5.0,50.0
64,86,40.29969999999999,0.1036101432170713,5.644549855656556,16.172103666390576,0,10,5.0,50.0,5.0,50.0
65,212,40.2934,0.0978393617674999,5.838834058878862,16.659396127403294,0,10,5.0,50.0,5.0,50.0
66,27,39.9755,0.16298778821474208,7.408422035788618,19.492346890430202,0,10,7.0,70.0,3.0,30.0
67,217,39.8235,0.12186952968138462,6.018191262844651,17.03388740009308,0,10,7.0,70.0,3.0,30.0
68,193,39.5786,0.1170601351804085,5.744091324839957,16.456707767889135,0,10,3.0,30.0,7.0,70.0
69,288,39.3587,0.11994492661865944,5.20746481387721,15.353933816318545,0,10,6.0,60.0,4.0,40.0
70,209,39.12400000000001,0.15076921841913993,6.390844087462679,17.75499896917605,0,10,6.0,60.0,4.0,40.0
71,112,39.1182,0.16716279218823749,6.0288017864503525,17.05755260445318,0,10,10.0,100.0,,
72,277,38.8176,0.14279039145838218,5.987006791428421,16.97273996600176,0,10,7.0,70.0,3.0,30.0
73,240,38.741800000000005,0.11233366899590529,5.856473780079808,16.535820959364695,0,10,5.0,50.0,5.0,50.0
74,218,38.6964,0.13227987365336968,6.167217762942899,17.19855703610248,0,10,7.0,70.0,3.0,30.0
75,85,38.4603,0.13312198864581345,6.103206207008144,16.99553177502286,0,10,6.0,60.0,4.0,40.0
76,239,37.4168,0.12937252693355053,5.510507431913697,15.843888263032479,0,10,6.0,60.0,4.0,40.0
77,242,37.171299999999995,0.15734904132984648,5.292906448861309,15.579660062630001,0,10,9.0,90.0,1.0,10.0
78,99,37.1693,0.15728280269337308,6.262646163609506,17.52401871036393,0,10,7.0,70.0,3.0,30.0
79,118,37.074000000000005,0.15313235164834,5.795667885082429,16.573063779810433,0,10,7.0,70.0,3.0,30.0
80,295,36.6549,0.13700077204375044,6.124192971905762,17.00155859074041,0,10,6.0,60.0,4.0,40.0
81,216,36.563900000000004,0.13588432309485907,5.776917241632928,16.462826457447626,0,10,6.0,60.0,4.0,40.0
82,79,35.855900000000005,0.1464519287095202,5.445740415196921,15.830485018957969,0,10,7.0,70.0,3.0,30.0
83,106,35.409200000000006,0.1458489841482581,5.638885393751757,15.953273606356476,0,10,6.0,60.0,4.0,40.0
84,204,35.2259,0.17274530176477687,5.948729580136275,16.89740819182503,0,10,8.0,80.0,2.0,20.0
85,150,35.1694,0.1596622959718016,5.473118160772244,15.946185353096961,0,10,5.0,50.0,5.0,50.0
86,105,35.0876,0.16914395502077134,5.721196768029274,16.424121545704118,0,10,8.0,80.0,2.0,20.0
87,252,34.625400000000006,0.15406437128596578,5.693897706961749,16.35632053213272,0,10,6.0,60.0,4.0,40.0
88,161,34.391200000000005,0.16078046866268958,5.640714756443242,16.190421487068257,0,10,7.0,70.0,3.0,30.0
89,83,34.3797,0.19035192894011138,5.767827279539608,16.53438094222414,0,10,10.0,100.0,,
90,289,34.236000000000004,0.2158292130655791,5.38923515587544,15.769884663104815,0,10,9.0,90.0,1.0,10.0
91,156,34.1131,0.177029397233955,5.64699489499205,16.267300584234793,0,10,6.0,60.0,4.0,40.0
92,245,33.9244,0.1589681423213966,5.727491163198848,16.406893872856973,0,10,7.0,70.0,3.0,30.0
93,184,33.771499999999996,0.20735904933532145,6.69719830804801,18.2585181263127,0,10,10.0,100.0,,
94,198,33.706599999999995,0.16142663716132472,5.354295435019198,15.647595058602525,0,10,7.0,70.0,3.0,30.0
95,183,33.6865,0.1765581708738298,6.021865087202852,16.719232993258665,0,10,9.0,90.0,1.0,10.0
96,89,33.5769,0.16704239138361185,5.798147535059252,16.554115887533847,0,10,7.0,70.0,3.0,30.0
97,280,33.4327,0.1615133595881074,5.416117907909559,15.813963825464691,0,10,7.0,70.0,3.0,30.0
98,177,33.319900000000004,0.2246155864737429,6.5684287081651975,18.045849390512167,0,10,8.0,80.0,2.0,20.0
99,268,32.563300000000005,0.19897147640646584,5.346420016137622,15.650660849690587,0,10,10.0,100.0,,
100,123,32.47269999999999,0.17833033693845265,5.856153598776805,16.703721548907545,0,10,8.0,80.0,2.0,20.0
101,188,32.342999999999996,0.1765436191951678,5.586100105063303,15.961319571133178,0,10,7.0,70.0,3.0,30.0
102,264,32.13250000000001,0.17394214919148443,5.24467565317286,15.381336211152268,0,10,8.0,80.0,2.0,20.0
103,287,32.040800000000004,0.18561912120855925,6.039439498839088,16.86799835868475,0,10,8.0,80.0,2.0,20.0
104,138,31.8956,0.23344587072589135,6.217175467787185,17.32633584038092,0,10,10.0,100.0,,
105,134,31.810399999999998,0.2220452907186567,6.56533406802487,17.806170954902704,0,10,8.0,80.0,2.0,20.0
106,233,31.600300000000004,0.19988693869544266,5.618836692711528,16.23639976856798,0,10,6.0,60.0,4.0,40.0
107,292,31.503400000000006,0.2367053237043819,6.813132884959456,18.379438416847798,0,10,8.0,80.0,2.0,20.0
108,237,31.3548,0.17860568036515473,5.736532850023671,16.295939099252422,0,10,7.0,70.0,3.0,30.0
109,297,31.212799999999994,0.17663838346197702,5.327776128233415,15.653057130870604,0,10,10.0,100.0,,
110,172,31.144299999999998,0.21047475210264005,5.739872243799454,16.302617886803993,0,10,9.0,90.0,1.0,10.0
111,76,31.095,0.22477089255616262,5.63543866066499,16.268382195733757,0,10,10.0,100.0,,
112,238,31.080600000000004,0.20680830090267355,6.034078710210085,17.025978237835517,0,10,8.0,80.0,2.0,20.0
113,72,31.0394,0.2236728484655471,6.58963928436282,18.096283368757145,0,10,8.0,80.0,2.0,20.0
114,152,30.936500000000006,0.2276532039977181,5.6118668441306605,16.115718593067868,0,10,7.0,70.0,3.0,30.0
115,236,30.760999999999996,0.21517917958763982,5.345160631900868,15.622338293972694,0,10,9.0,90.0,1.0,10.0
116,219,30.630100000000006,0.19701210466860358,5.6025357406426455,16.198918646192674,0,10,8.0,80.0,2.0,20.0
117,155,30.579500000000003,0.27698652775575383,5.388939924921212,15.660883804919886,0,10,10.0,100.0,,
118,151,30.5317,0.21576220194660262,6.4585735593126445,17.885672236834512,0,10,8.0,80.0,2.0,20.0
119,84,30.429899999999996,0.17249714671259064,5.36262360834106,15.589368726898801,0,10,8.0,80.0,2.0,20.0
120,247,30.350399999999997,0.23037340475321097,5.541841578786928,16.065411167219427,0,10,10.0,100.0,,
121,187,30.3171,0.2241870300424244,5.712215657468731,16.409783318014366,0,10,9.0,90.0,1.0,10.0
122,107,29.88270000000001,0.19768322721836107,5.759489034066533,16.50433007120996,0,10,8.0,80.0,2.0,20.0
123,269,29.605199999999996,0.20750842659078658,5.90700726945353,16.787325333157753,0,10,10.0,100.0,,
124,176,29.007000000000005,0.21013518415124827,5.707774238470273,16.091051295793505,0,10,9.0,90.0,1.0,10.0
125,290,28.903299999999994,0.21816889728946628,5.232251246219394,15.462007366842565,0,10,9.0,90.0,1.0,10.0
126,189,28.776699999999998,0.21366296967315881,5.503822179101877,15.916636332385531,0,10,7.0,70.0,3.0,30.0
127,135,28.7334,0.2477373822691516,6.0455551782972945,16.91398375579967,0,10,8.0,80.0,2.0,20.0
128,170,28.6863,0.22141532041366627,5.153241043575436,15.303986961554648,0,10,7.0,70.0,3.0,30.0
129,130,28.615,0.21960661166218703,5.403884097326943,15.801615359561264,0,10,10.0,100.0,,
130,283,28.279000000000003,0.20786035918591228,5.549796921845447,16.051505390150165,0,10,8.0,80.0,2.0,20.0
131,90,28.194899999999997,0.2635954053002857,6.456811573212408,17.830627946456325,0,10,9.0,90.0,1.0,10.0
132,58,28.179400000000005,0.26008307268853775,6.075205320987477,17.123721436225644,0,10,7.0,70.0,3.0,30.0
133,127,28.092699999999997,0.21780131410634618,5.51407239111208,16.001455576474854,0,10,8.0,80.0,2.0,20.0
134,211,28.0137,0.2369846001051593,5.3935992019429495,15.670202358963362,0,10,10.0,100.0,,
135,272,27.8217,0.23272442824376838,5.501270467106619,15.894525839019787,0,10,10.0,100.0,,
136,202,27.7123,0.22308256424909007,5.738839850446775,16.44620481910277,0,10,8.0,80.0,2.0,20.0
137,200,27.319899999999997,0.24444553135800873,6.153551450403867,17.25901444726701,0,10,9.0,90.0,1.0,10.0
138,168,27.296299999999995,0.23699333471433875,6.2645981420994215,17.468200472762966,0,10,8.0,80.0,2.0,20.0
139,10,27.215599999999995,0.24823350420837081,6.294650605114585,17.541212756688445,0,10,8.0,80.0,2.0,20.0
140,194,26.992699999999996,0.22432045699315903,5.326728124828888,15.652182632802697,0,10,8.0,80.0,2.0,20.0
141,229,26.955900000000007,0.2819311300567107,6.863675998166438,18.666356184897005,0,10,10.0,100.0,,
142,296,26.8149,0.21086842562119448,5.319920762248467,15.55684632452844,0,10,9.0,90.0,1.0,10.0
143,235,26.630499999999994,0.24200884803986486,5.600144730862164,16.191703813078266,0,10,8.0,80.0,2.0,20.0
144,267,26.411099999999998,0.27139768271488596,5.291928508818896,15.53576856409706,0,10,7.0,70.0,3.0,30.0
145,182,26.100300000000004,0.24529389675524538,5.453057091644859,15.906063214842195,0,10,9.0,90.0,1.0,10.0
146,195,25.944200000000002,0.2825384151405691,6.489414276474967,17.833062639660003,0,10,8.0,80.0,2.0,20.0
147,285,25.8918,0.29171662308853197,6.280705088975532,17.31458282487995,0,10,7.0,70.0,3.0,30.0
148,169,25.5964,0.26065530327659564,5.449042557597098,15.89558998959797,0,10,9.0,90.0,1.0,10.0
149,66,25.552000000000003,0.3026969685268684,5.972825019185168,16.862654838401845,0,10,9.0,90.0,1.0,10.0
150,96,25.45445418357849,0.29255979075989175,5.738066036477099,16.467546424308132,0,10,9.0,90.0,1.0,10.0
151,78,25.3742,0.2876505980393539,5.931330936493401,16.615834519915687,0,10,7.0,70.0,3.0,30.0
152,64,25.345000000000002,0.24232085738104928,5.840550386254604,16.59810557254071,0,10,9.0,90.0,1.0,10.0
153,159,25.2408,0.28407166241037907,6.033294919326087,16.920823925362242,0,10,7.0,70.0,3.0,30.0
154,39,25.219900000000003,0.28827133564393825,5.988932910267098,16.76698518154077,0,10,9.0,90.0,1.0,10.0
155,87,25.073099999999997,0.27544261006339804,5.4701390008891995,15.93169235313234,0,10,10.0,100.0,,
156,185,24.85739999999999,0.2502962621026218,5.409218442043636,15.800164893732845,0,10,10.0,100.0,,
157,82,24.632900000000003,0.28601845683539884,6.546728093886432,17.916329586977945,0,10,9.0,90.0,1.0,10.0
158,210,24.061699999999995,0.3044048268746081,6.458685202333497,17.911217569574376,0,10,9.0,90.0,1.0,10.0
159,254,24.045400000000004,0.2433697642141738,5.373718196874245,15.699347940207762,0,10,9.0,90.0,1.0,10.0
160,175,23.9431,0.24997931701879184,5.492474295152569,15.953473708514357,0,10,10.0,100.0,,
161,234,23.931600000000003,0.26124771648277406,5.628586267105862,16.22569765242094,0,10,10.0,100.0,,
162,103,23.809599999999996,0.30473063584858073,6.49925174365781,17.91550828734713,0,10,9.0,90.0,1.0,10.0
163,29,23.5026,0.29843866085209214,5.539094614722885,16.01020625961673,0,10,9.0,90.0,1.0,10.0
164,282,23.3543,0.2919851536289352,5.714850490456634,16.182873627842156,0,10,8.0,80.0,2.0,20.0
165,110,23.312500000000004,0.2800549818960839,5.29225625653674,15.56986451615038,0,10,9.0,90.0,1.0,10.0
166,178,23.174299999999995,0.287918843852645,5.867798808354253,16.589831703418575,0,10,10.0,100.0,,
167,143,23.033900000000003,0.28894320565427173,5.3139384667308684,15.566881122025858,0,10,8.0,80.0,2.0,20.0
168,139,22.8303,0.3110941289830488,5.268053450788266,15.488018448035806,0,10,10.0,100.0,,
169,149,22.5297,0.29338853120192565,5.833223754881191,16.624268327177727,0,10,10.0,100.0,,
170,220,22.5297,0.2739133575671221,5.636851155097818,16.1567062652731,0,10,9.0,90.0,1.0,10.0
171,174,22.5096,0.30560738412685007,5.390761634635317,15.739344086685978,0,10,10.0,100.0,,
172,122,22.358900000000002,0.3190717513065556,5.822829897019005,16.53764469884456,0,10,8.0,80.0,2.0,20.0
173,5,22.248100000000004,0.2944253310547284,5.415840690587748,15.825528546082873,0,10,9.0,90.0,1.0,10.0
174,256,22.041399999999996,0.2738596773778337,5.268548101697198,15.528510554748332,0,10,9.0,90.0,1.0,10.0
175,271,21.9969,0.2503634034039332,5.445015365735889,15.744264818181847,0,10,10.0,100.0,,
176,148,21.9672,0.3361998076263628,5.910697862663041,16.713380630132633,0,10,10.0,100.0,,
177,249,21.9105,0.28654989608025394,5.2837423052221695,15.540795404695029,0,10,9.0,90.0,1.0,10.0
178,69,21.8437,0.2870088339905717,5.81163205658256,16.591789231374342,0,10,9.0,90.0,1.0,10.0
179,140,21.7498,0.34002888797894354,6.585039774907626,18.16149390116919,0,10,10.0,100.0,,
180,95,21.698560762405396,0.38050950543627754,7.272721109329621,19.298614865588128,0,10,9.0,90.0,1.0,10.0
181,275,21.616799999999998,0.3015908547705429,5.836832919237748,16.605682868646458,0,10,9.0,90.0,1.0,10.0
182,171,21.594299999999997,0.3112841503019946,5.556357567182858,15.966949221075788,0,10,9.0,90.0,1.0,10.0
183,101,21.430100000000007,0.2688635077680116,5.567695986088667,16.08730351863661,0,10,10.0,100.0,,
184,260,21.2786,0.2989640734029837,5.517848713558458,15.824816788123488,0,10,9.0,90.0,1.0,10.0
185,67,20.8896,0.33310814839464886,5.63761624882028,16.275181529193038,0,10,8.0,80.0,2.0,20.0
186,94,20.562199999999997,0.30308907167461197,5.383246363904563,15.748220737454696,0,10,9.0,90.0,1.0,10.0
187,31,20.323200000000007,0.3473781534255455,6.670644116761162,18.335135398429706,0,10,10.0,100.0,,
188,9,20.234500000000004,0.3071066983005202,5.429287381691937,15.810486309843148,0,10,9.0,90.0,1.0,10.0
189,281,20.193199999999997,0.331026902709732,5.254351685564906,15.506208245533589,0,10,9.0,90.0,1.0,10.0
190,244,20.119799999999998,0.3441804869737592,5.8649173819029565,16.552708163010998,0,10,9.0,90.0,1.0,10.0
191,77,20.053000000000004,0.3028761605371721,5.44741012355358,15.717693646312238,0,10,9.0,90.0,1.0,10.0
192,52,19.947499999999998,0.3471794522784429,6.551208939806598,17.817652106104028,0,10,10.0,100.0,,
193,11,19.860799999999994,0.3422346651235054,5.71528325374746,16.32255141230147,0,10,9.0,90.0,1.0,10.0
194,205,19.8192,0.28904876692156795,5.645301173053423,16.282016697460783,0,10,10.0,100.0,,
195,158,19.419400000000003,0.3335015495776782,5.739138432750655,16.370261770307856,0,10,9.0,90.0,1.0,10.0
196,12,19.030700000000003,0.3668550226772579,5.706098830227364,16.329202460486236,0,10,8.0,80.0,2.0,20.0
197,63,19.0196,0.3150347496044491,5.666180317120121,16.28427218069951,0,10,10.0,100.0,,
198,68,18.872400000000003,0.3156917877449639,5.581234681152027,15.985342761509136,0,10,10.0,100.0,,
199,227,18.867599999999996,0.29018127373168556,5.157545711355375,15.31259629711453,0,10,10.0,100.0,,
200,146,18.7661,0.33610669709352675,5.534867803628336,16.069684638809143,0,10,10.0,100.0,,
201,145,18.7099,0.3256891361285069,5.814805529652409,16.30511387815778,0,10,10.0,100.0,,
202,124,18.692200000000003,0.37251659095525963,5.710602586267397,16.41261952388873,0,10,10.0,100.0,,
203,232,18.643700000000003,0.35238682036314517,5.424749001714197,15.818023121637614,0,10,10.0,100.0,,
204,109,18.6404,0.34860506526388096,5.838118424735015,16.649547643720723,0,10,10.0,100.0,,
205,14,18.505200000000002,0.3540669153745196,5.589314926390682,16.172477017688745,0,10,10.0,100.0,,
206,117,18.266399999999997,0.37644293731996037,6.650539490153195,18.16520049052307,0,10,10.0,100.0,,
207,141,18.1762,0.3543508358581728,5.442718369923583,15.884163122992087,0,10,10.0,100.0,,
208,59,18.137700000000002,0.3228677161663006,5.753876291042629,16.390756537162723,0,10,10.0,100.0,,
209,49,18.112499999999997,0.42834056545850735,7.403320803713529,19.69862651223361,0,10,10.0,100.0,,
210,88,17.995499999999996,0.3566852765470505,5.750081052960044,16.45207365237936,0,10,10.0,100.0,,
211,162,17.917900000000003,0.3272226214441253,5.463195004257457,15.91780435986885,0,10,10.0,100.0,,
212,199,16.7076,0.3730511496021217,5.373039168590578,15.638063241987705,0,10,10.0,100.0,,
213,136,16.7072,0.37572330005303295,6.089981780891483,17.161691571428538,0,10,10.0,100.0,,
214,133,16.568400000000004,0.39197843468027777,5.769799164607763,16.478602517779652,0,10,10.0,100.0,,
215,129,16.4769,0.39670493404955487,6.439601802078469,17.702077003362024,0,10,10.0,100.0,,
216,25,16.4475,0.4011316854733912,6.553205699010578,17.929284797226238,0,10,10.0,100.0,,
217,80,16.1938,0.37900669883658855,5.634305180160706,16.20062739049237,0,10,10.0,100.0,,
218,57,16.182399999999998,0.377852972253665,5.828327163626533,16.650501492160448,0,10,10.0,100.0,,
219,121,15.994299999999999,0.39133013258612415,5.632032605097305,16.173057184376383,0,10,10.0,100.0,,
220,142,15.8049,0.3808716473846983,5.351101090581804,15.70092856430853,0,10,10.0,100.0,,
221,75,15.799900000000003,0.40296757389642773,6.240898308811579,17.19703084411399,0,10,9.0,90.0,1.0,10.0
222,206,15.794500000000003,0.39910137254674405,5.742753670250751,16.33974142721157,0,10,9.0,90.0,1.0,10.0
223,73,15.622400000000004,0.39233835926537536,5.204315128704581,15.32563505744067,0,10,10.0,100.0,,
224,91,15.618400000000005,0.40475900891762223,6.172301114536942,17.302423046489228,0,10,10.0,100.0,,
225,51,15.5143,0.4207707324367188,5.929275293796087,16.857276970737097,0,10,10.0,100.0,,
226,241,15.4743,0.3603183017482037,5.26299576618577,15.511343535448443,0,10,10.0,100.0,,
227,126,15.257499999999999,0.4217430459282919,5.396596841291197,15.676197637659858,0,10,10.0,100.0,,
228,33,15.158599999999996,0.3964909536770714,5.625952948950036,16.168910697931576,0,10,10.0,100.0,,
229,3,14.870499999999998,0.42487714866075416,6.465592861692484,17.90449651763566,0,10,9.0,90.0,1.0,10.0
230,111,14.710799999999997,0.39407390003623444,5.512983505775068,16.01131901462704,0,10,10.0,100.0,,
231,284,14.615199999999998,0.4083606465513395,5.461836036351373,15.712791433709322,0,10,10.0,100.0,,
232,55,14.465799999999998,0.39683418769133905,5.506030075252262,15.944077180675487,0,10,10.0,100.0,,
233,246,14.3826,0.4294166987182296,5.517329025271893,15.943650024725562,0,10,10.0,100.0,,
234,70,14.343200000000001,0.4498325573043405,6.1234246415573566,17.110970793331386,0,10,9.0,90.0,1.0,10.0
235,222,14.140100000000004,0.4243743734669816,5.763832123019993,16.410668201117453,0,10,10.0,100.0,,
236,98,14.1267,0.4139704309250951,5.53794901860408,16.02780958366743,0,10,10.0,100.0,,
237,0,14.0238,0.4336070794431882,6.061104500395257,17.116056165697895,0,10,10.0,100.0,,
238,167,13.956400000000002,0.4200053718153688,6.0772073396590995,16.869648905809036,0,10,10.0,100.0,,
239,224,13.7671,0.4107047924069601,5.3012527425111085,15.587857488099113,0,10,10.0,100.0,,
240,1,13.7173,0.418490118406541,5.747702917554208,16.404397809290185,0,10,10.0,100.0,,
241,115,13.607399999999998,0.4296764025311541,5.434695617457335,15.827212052330015,0,10,9.0,90.0,1.0,10.0
242,225,13.3339,0.4395251306617774,5.776492098850147,16.54683136260768,0,10,10.0,100.0,,
243,191,13.1634,0.4061706534133641,5.217821974874596,15.352648749780702,0,10,10.0,100.0,,
244,15,13.128800000000002,0.43677570807067695,5.728639871350621,16.366271716883013,0,10,10.0,100.0,,
245,35,12.919199999999998,0.43701407781872864,5.587585628195548,16.11417544495522,0,10,10.0,100.0,,
246,131,12.911999999999997,0.43226923131689965,5.514527664902433,15.961072359975825,0,10,10.0,100.0,,
247,166,12.861799999999999,0.4151029844438766,5.252960888477249,15.504648160099418,0,10,10.0,100.0,,
248,32,12.633700000000001,0.4211689734850875,5.385484710875582,15.770918453303642,0,10,10.0,100.0,,
249,56,12.501,0.4526498910935457,5.81050086187247,16.296504542597905,0,10,10.0,100.0,,
250,119,12.4357,0.42918671730023056,5.540143987897322,16.080237007347115,0,10,10.0,100.0,,
251,137,12.376299999999999,0.41596670432100247,5.217877978493627,15.367772987158215,0,10,10.0,100.0,,
252,100,12.1036,0.42751392848828296,5.226155741870441,15.420836601950104,0,10,10.0,100.0,,
253,276,11.6769,0.43903203535759605,5.718334798489723,16.25954299618453,0,10,10.0,100.0,,
254,26,11.4775,0.4643533378310904,5.63761624882028,16.275181529193038,0,10,10.0,100.0,,
255,50,11.104599999999998,0.4567945757213335,5.741701194324224,16.272521749655024,0,10,10.0,100.0,,
256,24,10.863099999999998,0.46240920603932756,5.830844215143452,16.660414813431828,0,10,10.0,100.0,,
257,197,10.8385,0.47072461456352255,6.710129112092586,18.414105389092555,0,10,10.0,100.0,,
258,8,10.724499999999997,0.4725071031175612,6.393776393744899,17.679537692296346,0,10,10.0,100.0,,
259,17,10.714699999999997,0.46265208707702926,5.5326780783217036,16.038666950894093,0,10,10.0,100.0,,
260,40,10.655699999999998,0.4722286171545801,5.488949348557907,15.832132783825879,0,10,10.0,100.0,,
261,7,10.492799999999999,0.4611248804550622,5.708100383209732,16.355204954983595,0,10,10.0,100.0,,
262,6,9.7698,0.4595898922298745,5.674400815667707,16.17167503054049,0,10,10.0,100.0,,
263,34,9.762600000000003,0.46794393089630837,5.748629987745984,16.465785093701186,0,10,10.0,100.0,,
264,65,9.7466,0.4660600474017437,5.357764307339102,15.569762701388274,0,10,10.0,100.0,,
265,114,9.6832,0.46023861221358764,5.441701194324225,15.672521749655024,0,10,10.0,100.0,,
266,42,9.655100000000001,0.4780938590680247,5.582811673997858,16.15703769934965,0,10,10.0,100.0,,
267,173,9.5848,0.465779921326661,5.303163439572052,15.538343909315065,0,10,10.0,100.0,,
268,38,9.450999999999997,0.48915779757823286,5.3311177625532356,15.647587528183374,0,10,10.0,100.0,,
269,36,8.976700000000001,0.47975452094802173,5.379674822911866,15.732660440074422,0,10,10.0,100.0,,
270,16,8.9667,0.4770430487398885,5.218440892008192,15.410192578267077,0,10,10.0,100.0,,
271,74,8.961600000000002,0.4876963867640045,5.197416555172532,15.363358228554285,0,10,10.0,100.0,,
272,61,8.905700000000001,0.4643546953675224,5.414017915946564,15.809763841538702,0,10,10.0,100.0,,
273,22,8.8979,0.5,7.412027689648535,19.71604028410362,0,10,10.0,100.0,,
274,60,8.846599999999999,0.4850741446776867,5.8415987960687215,16.3587004109904,0,10,10.0,100.0,,
275,43,8.828,0.48037791878744657,5.682115448271403,16.21846498325288,0,10,10.0,100.0,,
276,44,8.494699999999998,0.4937667571862912,5.64153500131294,15.958572821478842,0,10,10.0,100.0,,
277,48,8.4579,0.48924581916826426,5.2691436815311645,15.447279337244106,0,10,10.0,100.0,,
278,208,8.3217,0.4779661338580278,5.43619024288559,15.8409056039804,0,10,10.0,100.0,,
279,147,8.309700000000001,0.5,5.792977776940028,16.375074914886625,0,10,10.0,100.0,,
280,125,8.2293,0.4826820694566041,5.441237743830017,15.881201870804954,0,10,10.0,100.0,,
281,160,8.203700000000001,0.48804171605379876,5.364262380746162,15.645529561523826,0,10,10.0,100.0,,
282,41,8.0868,0.4928779403439608,6.022206721309296,16.83353280362516,0,10,10.0,100.0,,
283,221,7.9803000000000015,0.4964718345842769,5.931664966337104,16.815241479133483,0,10,10.0,100.0,,
284,230,7.610000000000002,0.5,5.301364966222814,15.541734121009757,0,10,10.0,100.0,,
285,53,7.556499999999998,0.5,5.671154442764774,16.27432591570051,0,10,10.0,100.0,,
286,23,7.116799999999998,0.5,5.669102646796063,16.16107869279721,0,10,10.0,100.0,,
287,144,7.104499999999999,0.5,5.991960054800598,16.935831656060465,0,10,10.0,100.0,,
288,19,7.0637,0.5,5.875893273306011,16.720311664821246,0,10,10.0,100.0,,
289,37,7.043400000000001,0.5,5.750025462300819,16.253223571530523,0,10,10.0,100.0,,
290,54,6.9018999999999995,0.5,5.495558016319563,15.874119987716591,0,10,10.0,100.0,,
291,2,6.850499999999999,0.5,6.121611334873465,17.182226858311054,0,10,10.0,100.0,,
292,47,6.834700000000001,0.5,5.491774892872343,15.956860579995375,0,10,10.0,100.0,,
293,71,6.822800000000001,0.5,5.955059675851119,16.90884573484716,0,10,10.0,100.0,,
294,18,6.794,0.5,5.699748283176243,16.399445597904965,0,10,10.0,100.0,,
295,120,6.7358,0.5,5.156308857652229,15.285928509555154,0,10,10.0,100.0,,
296,62,6.700799999999999,0.5,5.292745603343439,15.579338371594256,0,10,10.0,100.0,,
297,21,6.674699999999999,0.5,5.662595570455766,16.310543143988433,0,10,10.0,100.0,,
298,13,6.6503,0.5,5.257433535046693,15.406851974899933,0,10,10.0,100.0,,
299,28,6.6091999999999995,0.5,5.86157702745264,16.546027454110366,0,10,10.0,100.0,,
300,45,6.5179,0.5,6.037843507771383,17.014691204106892,0,10,10.0,100.0,,
